adapted_ece,calibration_improvement,ece_cal_synth,ece_raw_synth,model,model_name,temp_optimal,zero_shot_ece
0.31344004154638944,58.20751656039188,0.01580281421258336,0.02351082309299991,enhanced,PASE-Net,1.3984977858407157,0.7499914236954197
0.0,0.0,0.01390493521378154,0.014325521831001553,cnn,CNN,1.1148408566202437,0.0
0.0,0.0,0.014891356495519478,0.01637285681689779,bilstm,BiLSTM,1.0262432768940926,0.0
0.0,0.0,0.010525922992577156,0.023725743868698676,conformer_lite,Conformer,1.4110389947891235,0.0
