domain_gap,loro_failures,loro_mean,loro_std,loso_failures,loso_mean,loso_std,model,model_name,stability_status
0.0425646869662728,0,83.0195205035636,0.11598125384849992,0,82.97695581659733,0.14513382921895435,enhanced,PASE-Net,Excellent
4.532540811873673,0,79.64613375463611,9.720589886517944,0,84.17867456650978,2.49084911654547,cnn,CNN,Moderate
1.3839614102500946,0,78.88392911392884,4.417727643029863,0,80.26789052417894,2.2005055801221403,bilstm,BiLSTM,Moderate
43.78825568508295,0,84.11978234853903,3.9604137709631355,3,40.33152666345608,38.60416866559034,conformer,Conformer,Unstable
