ece_cal_median,ece_improvement,ece_raw_median,f1_high_stress,f1_mean,f1_min,f1_std,model,model_name,robustness_score,temperature_median,temperature_std
0.00872184184193611,35.07952609243195,0.01136343467235565,0.9192833867641148,0.9348807739230488,0.7994167355450921,0.06561913868214533,bilstm,BiLSTM,1.2417636422874245,1.0075273513793945,0.3652177643856886
0.004686415642499924,43.86115102229962,0.006539465010166169,0.9553775986387144,0.9607683057276235,0.8417408664237727,0.04920357098239878,cnn,CNN,1.3744172100108605,1.0163898468017578,0.3166546367836121
0.00697607926527659,63.96434496773348,0.013613851050535839,0.9291732785336779,0.9491349919148618,0.8183061913619485,0.058192709443599784,conformer_lite,Conformer,1.523512879762959,1.0846797227859497,0.4894961779294721
0.004011900484561921,27.13682226283055,0.007155985911687215,0.9695624716369291,0.9700074198156134,0.8868751862022164,0.037481850989326354,enhanced,PASE-Net,1.2326709162921494,1.1388916969299316,0.39160177781251077
