activity,correlation,p_value,r_squared
walking,0.7345571839903814,0.001,0.5395742565518791
sitting,0.7079030400466777,0.001,0.5011267141073281
standing,0.8224027019206901,0.001,0.6763462041264514
falling,0.85,0.001,0.7224999999999999
picking_up,0.832257043200964,0.001,0.6926517859576113
lying_down,0.6328385961489348,0.001,0.40048468877575455
