{
  "linear_probe": {
    "best_model_type": "power_law",
    "r2": 0.8629509972397509,
    "params": [
      36.586675257550965,
      0.2037062383645984
    ]
  },
  "fine_tuning": {
    "best_model_type": "power_law",
    "r2": 0.7926297192570159,
    "params": [
      42.102467355126656,
      0.18350994466971537
    ]
  }
}