Domain_Gap,LORO_Failures,LORO_Mean,LORO_Std,LOSO_Failures,LOSO_Mean,LOSO_Std,Model
0.0425646869662728,0,83.0195205035636,0.10373678708836195,0,82.97695581659733,0.12981164318737085,PASE-Net
4.532540811873673,0,79.64613375463611,8.694359907060436,0,84.17867456650978,2.227883178516387,CNN
1.3839614102500946,0,78.88392911392884,3.95133572635788,0,80.26789052417894,1.9681920248082863,BiLSTM
43.78825568508295,0,84.11978234853903,3.5423017643599413,3,40.33152666345608,34.528618140450945,Conformer
